{"cameraMode":{"drawMode":0,"name":"Shaded","section":"Shading Mode"},"sceneLighting":false,"audioPlay":false,"sceneViewState":{"showFog":true,"showMaterialUpdate":true,"showSkybox":false,"showFlares":true,"showImageEffects":true,"showParticleSystems":true},"in2DMode":false,"pivot":{"x":11.535841941833496,"y":0.2329120635986328,"z":1.6920843124389649},"rotation":{"x":0.35246050357818606,"y":0.023268558084964753,"z":-0.008757617324590683,"w":0.9355134963989258},"size":10.585582733154297,"orthographic":false}