{"cameraMode":{"drawMode":0,"name":"Shaded","section":"Shading Mode"},"sceneLighting":false,"audioPlay":false,"sceneViewState":{"showFog":true,"showMaterialUpdate":true,"showSkybox":false,"showFlares":true,"showImageEffects":true,"showParticleSystems":true},"in2DMode":false,"pivot":{"x":3.7515597343444826,"y":5.0955376625061039,"z":-19.480571746826173},"rotation":{"x":0.014648622833192349,"y":0.9850577712059021,"z":-0.10860712081193924,"w":0.1329113394021988},"size":2.2469420433044435,"orthographic":false}