{"cameraMode":{"drawMode":0,"name":"Shaded","section":"Shading Mode"},"sceneLighting":false,"audioPlay":false,"sceneViewState":{"showFog":true,"showMaterialUpdate":true,"showSkybox":false,"showFlares":true,"showImageEffects":true,"showParticleSystems":true},"in2DMode":false,"pivot":{"x":1.1679046154022217,"y":0.7695386409759522,"z":-0.3428938388824463},"rotation":{"x":-0.31224796175956728,"y":-0.28221577405929568,"z":0.09769843518733978,"w":-0.9018509387969971},"size":3.56583833694458,"orthographic":false}