{"cameraMode":{"drawMode":0,"name":"Shaded","section":"Shading Mode"},"sceneLighting":false,"audioPlay":false,"sceneViewState":{"showFog":true,"showMaterialUpdate":true,"showSkybox":false,"showFlares":true,"showImageEffects":true,"showParticleSystems":true},"in2DMode":false,"pivot":{"x":-1.141798496246338,"y":-3.4798364639282228,"z":1.3441756963729859},"rotation":{"x":0.392851322889328,"y":-0.5012401938438416,"z":0.27311190962791445,"w":0.7209965586662293},"size":3.7078847885131838,"orthographic":false}