{"cameraMode":{"drawMode":0,"name":"Shaded","section":"Shading Mode"},"sceneLighting":false,"audioPlay":false,"sceneViewState":{"showFog":true,"showMaterialUpdate":true,"showSkybox":false,"showFlares":true,"showImageEffects":true,"showParticleSystems":true},"in2DMode":false,"pivot":{"x":1.2350002527236939,"y":1.0254299640655518,"z":-0.47130441665649416},"rotation":{"x":-0.41234874725341799,"y":0.2549231946468353,"z":-0.12136157602071762,"w":-0.866179883480072},"size":1.2915931940078736,"orthographic":false}