{"cameraMode":{"drawMode":0,"name":"Shaded","section":"Shading Mode"},"sceneLighting":false,"audioPlay":false,"sceneViewState":{"showFog":true,"showMaterialUpdate":true,"showSkybox":false,"showFlares":true,"showImageEffects":true,"showParticleSystems":true},"in2DMode":false,"pivot":{"x":-3.5014331340789797,"y":0.38106536865234377,"z":0.1655569076538086},"rotation":{"x":0.10931827872991562,"y":-0.7901148200035095,"z":0.14770931005477906,"w":0.5847955942153931},"size":7.665923118591309,"orthographic":false}