{"cameraMode":{"drawMode":0,"name":"Shaded","section":"Shading Mode"},"sceneLighting":false,"audioPlay":false,"sceneViewState":{"showFog":true,"showMaterialUpdate":true,"showSkybox":false,"showFlares":true,"showImageEffects":true,"showParticleSystems":true},"in2DMode":false,"pivot":{"x":3.561903715133667,"y":3.53422212600708,"z":-18.67937469482422},"rotation":{"x":0.0654439777135849,"y":0.9100829362869263,"z":-0.3776218295097351,"w":0.1577397882938385},"size":2.2627551555633547,"orthographic":false}