{"cameraMode":{"drawMode":0,"name":"Shaded","section":"Shading Mode"},"sceneLighting":false,"audioPlay":false,"sceneViewState":{"showFog":true,"showMaterialUpdate":true,"showSkybox":true,"showFlares":true,"showImageEffects":true,"showParticleSystems":true},"in2DMode":false,"pivot":{"x":3.835806369781494,"y":7.277570724487305,"z":7.689509391784668},"rotation":{"x":0.07939241081476212,"y":0.8873928785324097,"z":-0.42244645953178408,"w":0.1667502075433731},"size":3.8147566318511965,"orthographic":false}