{"cameraMode":{"drawMode":0,"name":"Shaded","section":"Shading Mode"},"sceneLighting":false,"audioPlay":false,"sceneViewState":{"showFog":true,"showMaterialUpdate":true,"showSkybox":false,"showFlares":true,"showImageEffects":true,"showParticleSystems":true},"in2DMode":false,"pivot":{"x":-0.039071232080459598,"y":0.8528242111206055,"z":0.0},"rotation":{"x":-0.2214237004518509,"y":0.40609702467918398,"z":-0.10210197418928147,"w":-0.8807199001312256},"size":1.0241447687149048,"orthographic":false}