{"cameraMode":{"drawMode":0,"name":"Shaded","section":"Shading Mode"},"sceneLighting":false,"audioPlay":false,"sceneViewState":{"showFog":true,"showMaterialUpdate":true,"showSkybox":false,"showFlares":true,"showImageEffects":true,"showParticleSystems":true},"in2DMode":false,"pivot":{"x":-5.557805061340332,"y":-1.116231918334961,"z":10.559798240661621},"rotation":{"x":0.17675675451755525,"y":-0.2403615415096283,"z":0.04456549137830734,"w":0.9534347057342529},"size":7.363295078277588,"orthographic":false}