{"cameraMode":{"drawMode":0,"name":"Shaded","section":"Shading Mode"},"sceneLighting":false,"audioPlay":false,"sceneViewState":{"showFog":true,"showMaterialUpdate":true,"showSkybox":true,"showFlares":true,"showImageEffects":true,"showParticleSystems":true},"in2DMode":false,"pivot":{"x":16.52777862548828,"y":-7.000020980834961,"z":16.7608642578125},"rotation":{"x":-0.37306585907936098,"y":0.1643420159816742,"z":-0.06733302026987076,"w":-0.9106675386428833},"size":11.03409481048584,"orthographic":false}