{"cameraMode":{"drawMode":0,"name":"Shaded","section":"Shading Mode"},"sceneLighting":false,"audioPlay":false,"sceneViewState":{"showFog":true,"showMaterialUpdate":true,"showSkybox":false,"showFlares":true,"showImageEffects":true,"showParticleSystems":true},"in2DMode":false,"pivot":{"x":0.2789785861968994,"y":1.3672270774841309,"z":0.583364725112915},"rotation":{"x":0.31289389729499819,"y":-0.1563630849123001,"z":0.05231303721666336,"w":0.935383677482605},"size":3.519680976867676,"orthographic":false}