{"cameraMode":{"drawMode":0,"name":"Shaded","section":"Shading Mode"},"sceneLighting":false,"audioPlay":false,"sceneViewState":{"showFog":true,"showMaterialUpdate":true,"showSkybox":false,"showFlares":true,"showImageEffects":true,"showParticleSystems":true},"in2DMode":false,"pivot":{"x":-2.05810809135437,"y":-3.0000925064086916,"z":1.0129258632659913},"rotation":{"x":0.392851322889328,"y":-0.5012401938438416,"z":0.27311190962791445,"w":0.7209965586662293},"size":2.8155012130737306,"orthographic":false}