{"cameraMode":{"drawMode":0,"name":"Shaded","section":"Shading Mode"},"sceneLighting":false,"audioPlay":false,"sceneViewState":{"showFog":true,"showMaterialUpdate":true,"showSkybox":false,"showFlares":true,"showImageEffects":true,"showParticleSystems":true},"in2DMode":false,"pivot":{"x":1.2362377643585206,"y":1.5099999904632569,"z":0.899641752243042},"rotation":{"x":0.22118037939071656,"y":-0.7407469749450684,"z":0.29056593775749209,"w":0.5638957023620606},"size":1.4461991786956788,"orthographic":false}