{"cameraMode":{"drawMode":0,"name":"Shaded","section":"Shading Mode"},"sceneLighting":false,"audioPlay":false,"sceneViewState":{"showFog":true,"showMaterialUpdate":true,"showSkybox":false,"showFlares":true,"showImageEffects":true,"showParticleSystems":true},"in2DMode":false,"pivot":{"x":-0.2499999701976776,"y":0.9375,"z":-0.8125001788139343},"rotation":{"x":0.19770972430706025,"y":0.7974070906639099,"z":-0.3506750166416168,"w":0.4495944082736969},"size":1.2655287981033326,"orthographic":false}