{"cameraMode":{"drawMode":0,"name":"Shaded","section":"Shading Mode"},"sceneLighting":true,"audioPlay":false,"sceneViewState":{"showFog":true,"showMaterialUpdate":true,"showSkybox":true,"showFlares":true,"showImageEffects":true,"showParticleSystems":true},"in2DMode":false,"pivot":{"x":1.4015979766845704,"y":-18.703519821166993,"z":48.479408264160159},"rotation":{"x":0.237718865275383,"y":-0.048154428601264957,"z":0.011779277585446835,"w":0.9700971841812134},"size":28.72646713256836,"orthographic":false}