{"cameraMode":{"drawMode":0,"name":"Shaded","section":"Shading Mode"},"sceneLighting":false,"audioPlay":false,"sceneViewState":{"showFog":true,"showMaterialUpdate":true,"showSkybox":false,"showFlares":true,"showImageEffects":true,"showParticleSystems":true},"in2DMode":false,"pivot":{"x":12.025390625,"y":2.0031251907348635,"z":1.9999998807907105},"rotation":{"x":-0.40931031107902529,"y":0.5670721530914307,"z":-0.38572973012924197,"w":-0.6017715334892273},"size":1.4893149137496949,"orthographic":false}