{"cameraMode":{"drawMode":0,"name":"Shaded","section":"Shading Mode"},"sceneLighting":false,"audioPlay":false,"sceneViewState":{"showFog":true,"showMaterialUpdate":true,"showSkybox":false,"showFlares":true,"showImageEffects":true,"showParticleSystems":true},"in2DMode":false,"pivot":{"x":-2.096351146697998,"y":-1.0637836456298829,"z":6.234928131103516},"rotation":{"x":0.27287545800209048,"y":-0.3585987985134125,"z":0.11046622693538666,"w":0.8858757615089417},"size":2.0771515369415285,"orthographic":false}