{"cameraMode":{"drawMode":0,"name":"Shaded","section":"Shading Mode"},"sceneLighting":false,"audioPlay":false,"sceneViewState":{"showFog":true,"showMaterialUpdate":true,"showSkybox":false,"showFlares":true,"showImageEffects":true,"showParticleSystems":true},"in2DMode":false,"pivot":{"x":0.10892665386199951,"y":0.5430840253829956,"z":0.9373887777328491},"rotation":{"x":-0.2810092270374298,"y":0.45356467366218569,"z":-0.15324798226356507,"w":-0.8317785859107971},"size":3.1630988121032717,"orthographic":false}