{"cameraMode":{"drawMode":0,"name":"Shaded","section":"Shading Mode"},"sceneLighting":false,"audioPlay":false,"sceneViewState":{"showFog":true,"showMaterialUpdate":true,"showSkybox":true,"showFlares":true,"showImageEffects":true,"showParticleSystems":true},"in2DMode":false,"pivot":{"x":3.5390186309814455,"y":-0.20760345458984376,"z":3.246607542037964},"rotation":{"x":0.45566779375076296,"y":-0.22556862235069276,"z":0.12056171149015427,"w":0.8526328206062317},"size":5.9797821044921879,"orthographic":false}