{"cameraMode":{"drawMode":0,"name":"Shaded","section":"Shading Mode"},"sceneLighting":false,"audioPlay":false,"sceneViewState":{"showFog":true,"showMaterialUpdate":true,"showSkybox":true,"showFlares":true,"showImageEffects":true,"showParticleSystems":true},"in2DMode":false,"pivot":{"x":-3.2660534381866457,"y":0.2560908794403076,"z":3.131087064743042},"rotation":{"x":-0.06651221215724945,"y":0.9007652401924133,"z":-0.4025929570198059,"w":-0.14883823692798615},"size":5.412152290344238,"orthographic":false}