{"cameraMode":{"drawMode":0,"name":"Shaded","section":"Shading Mode"},"sceneLighting":false,"audioPlay":false,"sceneViewState":{"showFog":true,"showMaterialUpdate":true,"showSkybox":false,"showFlares":true,"showImageEffects":true,"showParticleSystems":true},"in2DMode":false,"pivot":{"x":0.7160401344299316,"y":0.9642475843429565,"z":0.23087048530578614},"rotation":{"x":-0.28933820128440859,"y":0.32025209069252016,"z":-0.10340108722448349,"w":-0.8961277008056641},"size":1.6865605115890504,"orthographic":false}