{"cameraMode":{"drawMode":0,"name":"Shaded","section":"Shading Mode"},"sceneLighting":false,"audioPlay":false,"sceneViewState":{"showFog":true,"showMaterialUpdate":true,"showSkybox":false,"showFlares":true,"showImageEffects":true,"showParticleSystems":true},"in2DMode":false,"pivot":{"x":1.3670623302459717,"y":0.7999999523162842,"z":4.256624698638916},"rotation":{"x":-0.21645359694957734,"y":-0.72513747215271,"z":0.26207417249679568,"w":-0.5988948345184326},"size":11.431259155273438,"orthographic":false}