{"cameraMode":{"drawMode":0,"name":"Shaded","section":"Shading Mode"},"sceneLighting":false,"audioPlay":false,"sceneViewState":{"showFog":true,"showMaterialUpdate":true,"showSkybox":false,"showFlares":true,"showImageEffects":true,"showParticleSystems":true},"in2DMode":false,"pivot":{"x":8.0,"y":3.8239309787750246,"z":3.9085779190063478},"rotation":{"x":0.19770972430706025,"y":0.7974070906639099,"z":-0.3506750166416168,"w":0.4495944082736969},"size":0.9625515937805176,"orthographic":false}