{"cameraMode":{"drawMode":0,"name":"Shaded","section":"Shading Mode"},"sceneLighting":false,"audioPlay":false,"sceneViewState":{"showFog":true,"showMaterialUpdate":true,"showSkybox":false,"showFlares":true,"showImageEffects":true,"showParticleSystems":true},"in2DMode":false,"pivot":{"x":-0.6500000357627869,"y":0.75,"z":7.900000095367432},"rotation":{"x":0.27287545800209048,"y":-0.3585987985134125,"z":0.11046622693538666,"w":0.8858757615089417},"size":7.277575492858887,"orthographic":false}