{"cameraMode":{"drawMode":0,"name":"Shaded","section":"Shading Mode"},"sceneLighting":false,"audioPlay":false,"sceneViewState":{"showFog":true,"showMaterialUpdate":true,"showSkybox":false,"showFlares":true,"showImageEffects":true,"showParticleSystems":true},"in2DMode":false,"pivot":{"x":1.7000000476837159,"y":1.4456000328063965,"z":7.200000286102295},"rotation":{"x":0.2430991232395172,"y":-0.16581977903842927,"z":0.04222971573472023,"w":0.9548109173774719},"size":0.7134484648704529,"orthographic":false}