{"cameraMode":{"drawMode":0,"name":"Shaded","section":"Shading Mode"},"sceneLighting":false,"audioPlay":false,"sceneViewState":{"showFog":true,"showMaterialUpdate":true,"showSkybox":false,"showFlares":true,"showImageEffects":true,"showParticleSystems":true},"in2DMode":false,"pivot":{"x":0.10721468925476074,"y":0.3257112503051758,"z":0.5261181592941284},"rotation":{"x":-0.30980542302131655,"y":0.5221024751663208,"z":-0.21116004884243012,"w":-0.7660737633705139},"size":4.197144508361816,"orthographic":false}