{"cameraMode":{"drawMode":0,"name":"Shaded","section":"Shading Mode"},"sceneLighting":false,"audioPlay":false,"sceneViewState":{"showFog":true,"showMaterialUpdate":true,"showSkybox":false,"showFlares":true,"showImageEffects":true,"showParticleSystems":true},"in2DMode":false,"pivot":{"x":-1.948256015777588,"y":-0.33541905879974368,"z":2.0155575275421144},"rotation":{"x":-0.2214237004518509,"y":0.40609702467918398,"z":-0.10210197418928147,"w":-0.8807199001312256},"size":3.89836049079895,"orthographic":false}