{"cameraMode":{"drawMode":0,"name":"Shaded","section":"Shading Mode"},"sceneLighting":false,"audioPlay":false,"sceneViewState":{"showFog":true,"showMaterialUpdate":true,"showSkybox":false,"showFlares":true,"showImageEffects":true,"showParticleSystems":true},"in2DMode":false,"pivot":{"x":4.5493268966674809,"y":1.9430898427963257,"z":2.4976646900177},"rotation":{"x":0.29577505588531496,"y":-0.18564137816429139,"z":0.058722738176584247,"w":0.9352254271507263},"size":377772.15625,"orthographic":false}