{"cameraMode":{"drawMode":0,"name":"Shaded","section":"Shading Mode"},"sceneLighting":false,"audioPlay":false,"sceneViewState":{"showFog":true,"showMaterialUpdate":true,"showSkybox":false,"showFlares":true,"showImageEffects":true,"showParticleSystems":true},"in2DMode":false,"pivot":{"x":3.8980636596679689,"y":4.748182773590088,"z":-13.399130821228028},"rotation":{"x":0.3439628481864929,"y":-0.18860545754432679,"z":0.07073480635881424,"w":0.9171263575553894},"size":385.24578857421877,"orthographic":false}