{"cameraMode":{"drawMode":0,"name":"Shaded","section":"Shading Mode"},"sceneLighting":false,"audioPlay":false,"sceneViewState":{"showFog":true,"showMaterialUpdate":true,"showSkybox":false,"showFlares":true,"showImageEffects":true,"showParticleSystems":true},"in2DMode":false,"pivot":{"x":0.8049640655517578,"y":0.8441171646118164,"z":-3.8351120948791506},"rotation":{"x":0.1546216756105423,"y":-0.3135942816734314,"z":0.05184199661016464,"w":0.9354702234268189},"size":2.5320377349853517,"orthographic":false}