{"cameraMode":{"drawMode":0,"name":"Shaded","section":"Shading Mode"},"sceneLighting":false,"audioPlay":false,"sceneViewState":{"showFog":true,"showMaterialUpdate":true,"showSkybox":false,"showFlares":true,"showImageEffects":true,"showParticleSystems":true},"in2DMode":false,"pivot":{"x":4.1944756507873539,"y":1.2334070205688477,"z":0.6036081314086914},"rotation":{"x":0.32125210762023928,"y":-0.24664631485939027,"z":0.08706467598676682,"w":0.910172700881958},"size":9.996192932128907,"orthographic":false}